<productinfo
  xmlns:xsi="http://www.w3.org/2001/XMLSchema-instance"
  xsi:noNamespaceSchemaLocation="">
<?xml-stylesheet type="text/xsl" href="optional"?>
<!-- info.xml file for the Neweulm2 toolbox -->
<!-- creates the Start-menu entries -->
<!-- Version 2.0 Alpha 1 -->
<!--
  Neweulm2 Toolbox
  Copyright (c) 2011 Institut fuer Technische und Numerische Mechanik,
    Universitaet Stuttgart
  See LICENSE.txt for license. 
  http://www.itm.uni-stuttgart.de
-->

<matlabrelease>2010b</matlabrelease>
<name>Neweulm2</name>
<type>toolbox</type>
<icon>$toolbox/matlab/icons/matlabicon.gif</icon>
<help_location>../html/</help_location>
<help_contents_icon>$toolbox/matlab/icons/book_mat.gif</help_contents_icon>

<list>
    <listitem>
        <label>Help</label>
        <callback>doc Neweulm2</callback>
        <icon>$toolbox/matlab/icons/book_mat.gif</icon>
    </listitem>
    <listitem>
        <label>Demos</label>
        <callback>demo toolbox 'NEWEULM2'</callback>
        <icon>$toolbox/matlab/icons/help_ex.png</icon>
    </listitem>
    <listitem>
        <label>Product Page (Web)</label>
        <callback>web http://www.itm.uni-stuttgart.de/research/neweul/ -browser;</callback>
        <icon>$toolbox/matlab/icons/webicon.gif</icon>
    </listitem>

<!--
    <listitem>
        <label>Function Reference</label>
        <callback>web ../html/functions_help.html -helpbrowser</callback>
        <icon>$toolbox/matlab/icons/help_fx.png</icon>
    </listitem>

    <listitem>
        <label>Demos</label>
        <callback>demo toolbox 'FAMOUS'</callback>
        <icon>$toolbox/matlab/icons/help_ex.png</icon>
    </listitem>
-->
</list>
    
</productinfo>
